{"folderId":null,"ownerId":"BVimhVfxwJfld1eKaB0TuFqvB8w2","colorScheme":{"primary":"#666666"},"language":"en-US","createdAt":"2023-06-05T09:39:32.577Z","modifiedAt":1685958056214,"courseId":"hgXnwcjHSiwW0b6U5FiQ","name":"posh_pink__blue-archies","pages":[{"filename":"poshpinkblue-archies-1.png","resourceType":"slide","order":1,"audio":{"url":"","fullPath":"","name":"","voiceId":"","voiceText":""},"title":"Slide 1","hyperlink":{"url":""},"resourceId":"Lq66cJ6eSK","facevideo":{"url":"","fullPath":"","name":""}},{"facevideo":{"url":"","fullPath":"","name":""},"title":"Slide 2","audio":{"url":"","fullPath":"","name":"","voiceId":"","voiceText":""},"resourceType":"slide","resourceId":"EbjRAai08N","filename":"poshpinkblue-archies-2.png","order":2,"hyperlink":{"url":""}},{"title":"Slide 3","resourceId":"K5t6PFozVB","resourceType":"slide","order":3,"filename":"poshpinkblue-archies-3.png"},{"title":"Slide 4","filename":"poshpinkblue-archies-4.png","resourceId":"FmMubb09jf","order":4,"resourceType":"slide"},{"title":"Slide 5","resourceType":"slide","resourceId":"VROFkceeyU","order":5,"filename":"poshpinkblue-archies-5.png"},{"resourceId":"2Ld2awKXSa","resourceType":"slide","audio":{"voiceText":"","name":"","voiceId":"","fullPath":"","url":""},"order":6,"filename":"poshpinkblue-archies-6.png","hyperlink":{"url":""},"title":"Slide 6","facevideo":{"url":"","fullPath":"","name":""}},{"title":"Slide 7","resourceType":"slide","order":7,"resourceId":"WEs7zUtbZR","filename":"poshpinkblue-archies-7.png"},{"resourceType":"slide","hyperlink":{"url":""},"order":8,"filename":"poshpinkblue-archies-8.png","facevideo":{"url":"","name":"","fullPath":""},"audio":{"url":"","voiceText":"","fullPath":"","voiceId":"","name":""},"title":"Slide 8","resourceId":"IzThdx6V37"},{"resourceType":"slide","audio":{"voiceId":"","url":"","name":"","fullPath":"","voiceText":""},"resourceId":"fzggV4jist","hyperlink":{"url":""},"facevideo":{"name":"","fullPath":"","url":""},"filename":"poshpinkblue-archies-9.png","order":9,"title":"Slide 9"},{"resourceId":"0htK8lCiud","facevideo":{"url":"","name":"","fullPath":""},"order":10,"resourceType":"slide","filename":"poshpinkblue-archies-10.png","title":"Slide 10","hyperlink":{"url":""},"audio":{"voiceText":"","fullPath":"","url":"","voiceId":"","name":""}},{"title":"Slide 11","order":11,"resourceId":"GF9oK0w0UQ","resourceType":"slide","filename":"poshpinkblue-archies-11.png"},{"resourceId":"9k5zQRYrtm","order":12,"filename":"poshpinkblue-archies-12.png","resourceType":"slide","title":"Slide 12"},{"filename":"poshpinkblue-archies-13.png","title":"Slide 13","resourceType":"slide","resourceId":"Ssz7iY2Z2J","order":13},{"resourceId":"HlumV3WJz8","order":14,"filename":"poshpinkblue-archies-14.png","title":"Slide 14","resourceType":"slide"},{"resourceId":"VXz3K5QFNb","resourceType":"slide","filename":"poshpinkblue-archies-15.png","title":"Slide 15","order":15},{"resourceId":"x5HQDvk3Fa","resourceType":"slide","title":"Slide 16","filename":"poshpinkblue-archies-16.png","order":16},{"filename":"poshpinkblue-archies-17.png","resourceId":"T9y3ieYeaN","resourceType":"slide","title":"Slide 17","order":17},{"resourceId":"AEaU399Z3Y","resourceType":"slide","title":"Slide 18","filename":"poshpinkblue-archies-18.png","order":18},{"filename":"poshpinkblue-archies-19.png","resourceType":"slide","title":"Slide 19","resourceId":"yb3ZWjXOE2","order":19},{"resourceId":"gSdXUajiP0","filename":"poshpinkblue-archies-20.png","resourceType":"slide","order":20,"title":"Slide 20"},{"resourceId":"5RKU2o2e7p","resourceType":"slide","filename":"poshpinkblue-archies-21.png","order":21,"title":"Slide 21"},{"title":"Slide 22","resourceType":"slide","resourceId":"rW2YcKGiOU","filename":"poshpinkblue-archies-22.png","order":22},{"resourceId":"DhiREhGpF8","filename":"poshpinkblue-archies-23.png","title":"Slide 23","order":23,"resourceType":"slide"},{"title":"Slide 24","order":24,"resourceId":"wwuXZOm1Q6","resourceType":"slide","filename":"poshpinkblue-archies-24.png"},{"resourceId":"9kQnO5GY2O","title":"Slide 25","order":25,"filename":"poshpinkblue-archies-25.png","resourceType":"slide"},{"title":"Slide 26","resourceId":"ky2lBtQAFC","order":26,"resourceType":"slide","filename":"poshpinkblue-archies-26.png"},{"order":27,"resourceId":"W3LnfUzIZz","resourceType":"slide","title":"Slide 27","filename":"poshpinkblue-archies-27.png"},{"filename":"poshpinkblue-archies-28.png","title":"Slide 28","order":28,"resourceType":"slide","resourceId":"3nyNjoY7bT"},{"title":"Slide 29","resourceId":"ipP7wyCiez","order":29,"resourceType":"slide","filename":"poshpinkblue-archies-29.png"},{"order":30,"resourceType":"slide","title":"Slide 30","filename":"poshpinkblue-archies-30.png","resourceId":"hgBrd5G5P1"}],"available":true,"baseURL":"assets"}